dv,logdv,period,model,restriction,endogenous,instrumented,latestart,weights,decadal_dv,decadal_shock,dropoutliers,dropsmallczs,prefmods,i
D.incRate_aapi_corrected_estimated_25,TRUE,stacked.alt,preferred,unrestricted,emptopop_china,ols,samestart,yes,yes,yes,no,no,FALSE,1
D.incRate_aapi_corrected_estimated_25,TRUE,stacked.alt,preferred,unrestricted,emptopopc_china,ols,samestart,yes,yes,yes,no,no,FALSE,2
D.incRate_black_corrected_estimated_25,TRUE,stacked.alt,preferred,unrestricted,emptopop_china,ols,samestart,yes,yes,yes,no,no,FALSE,3
D.incRate_black_corrected_estimated_25,TRUE,stacked.alt,preferred,unrestricted,emptopopc_china,ols,samestart,yes,yes,yes,no,no,FALSE,4
D.incRate_latinx_corrected_estimated_25,TRUE,stacked.alt,preferred,unrestricted,emptopop_china,ols,samestart,yes,yes,yes,no,no,FALSE,5
D.incRate_latinx_corrected_estimated_25,TRUE,stacked.alt,preferred,unrestricted,emptopopc_china,ols,samestart,yes,yes,yes,no,no,FALSE,6
D.incRate_native_corrected_estimated_25,TRUE,stacked.alt,preferred,unrestricted,emptopop_china,ols,samestart,yes,yes,yes,no,no,FALSE,7
D.incRate_native_corrected_estimated_25,TRUE,stacked.alt,preferred,unrestricted,emptopopc_china,ols,samestart,yes,yes,yes,no,no,FALSE,8
D.incRate_white_corrected_estimated_25,TRUE,stacked.alt,preferred,unrestricted,emptopop_china,ols,samestart,yes,yes,yes,no,no,FALSE,9
D.incRate_white_corrected_estimated_25,TRUE,stacked.alt,preferred,unrestricted,emptopopc_china,ols,samestart,yes,yes,yes,no,no,FALSE,10
D.incRate_corrected_estimated_25,TRUE,stacked.alt,preferred,unrestricted,manuf_china,ols,samestart,yes,yes,yes,no,no,FALSE,11
D.incRate_corrected_estimated_25,TRUE,stacked.alt,preferred,unrestricted,unemp_china,ols,samestart,yes,yes,yes,no,no,FALSE,12
D.incRate_corrected_estimated_25,TRUE,stacked.alt,preferred,unrestricted,emptopop_china,instrumented,samestart,yes,yes,yes,no,no,TRUE,13
D.incRate_corrected_estimated_25,TRUE,stacked.alt,preferred,unrestricted,emptopopc_china,instrumented,samestart,yes,yes,yes,no,no,TRUE,14
D.agasslt_crt,FALSE,stacked.alt,preferred,unrestricted,emptopop_china,instrumented,latestart,yes,yes,yes,no,no,FALSE,15
D.agasslt_crt,FALSE,stacked.alt,preferred,unrestricted,emptopopc_china,instrumented,latestart,yes,yes,yes,no,no,FALSE,16
D.arson_crt,FALSE,stacked.alt,preferred,unrestricted,emptopop_china,instrumented,latestart,yes,yes,yes,no,no,FALSE,17
D.arson_crt,FALSE,stacked.alt,preferred,unrestricted,emptopopc_china,instrumented,latestart,yes,yes,yes,no,no,FALSE,18
D.burglry_crt,FALSE,stacked.alt,preferred,unrestricted,emptopop_china,instrumented,latestart,yes,yes,yes,no,no,FALSE,19
D.burglry_crt,FALSE,stacked.alt,preferred,unrestricted,emptopopc_china,instrumented,latestart,yes,yes,yes,no,no,FALSE,20
D.courtspend,TRUE,stacked.alt,preferred,unrestricted,emptopop_china,instrumented,samestart,yes,yes,yes,no,no,FALSE,21
D.courtspend,TRUE,stacked.alt,preferred,unrestricted,emptopopc_china,instrumented,samestart,yes,yes,yes,no,no,FALSE,22
D.courtspend_d,TRUE,stacked.alt,preferred,unrestricted,emptopop_china,instrumented,samestart,yes,yes,yes,no,no,FALSE,23
D.courtspend_d,TRUE,stacked.alt,preferred,unrestricted,emptopopc_china,instrumented,samestart,yes,yes,yes,no,no,FALSE,24
D.eduspend,TRUE,stacked.alt,preferred,unrestricted,emptopop_china,instrumented,samestart,yes,yes,yes,no,no,FALSE,25
D.eduspend,TRUE,stacked.alt,preferred,unrestricted,emptopopc_china,instrumented,samestart,yes,yes,yes,no,no,FALSE,26
D.eduspend_d,TRUE,stacked.alt,preferred,unrestricted,emptopop_china,instrumented,samestart,yes,yes,yes,no,no,FALSE,27
D.eduspend_d,TRUE,stacked.alt,preferred,unrestricted,emptopopc_china,instrumented,samestart,yes,yes,yes,no,no,FALSE,28
D.employees,TRUE,stacked.alt,preferred,unrestricted,emptopop_china,instrumented,samestart,yes,yes,yes,no,no,FALSE,29
D.employees,TRUE,stacked.alt,preferred,unrestricted,emptopopc_china,instrumented,samestart,yes,yes,yes,no,no,FALSE,30
D.employees_all,TRUE,stacked.alt,preferred,unrestricted,emptopop_china,instrumented,samestart,yes,yes,yes,no,no,FALSE,31
D.employees_all,TRUE,stacked.alt,preferred,unrestricted,emptopopc_china,instrumented,samestart,yes,yes,yes,no,no,FALSE,32
D.healthspend,TRUE,stacked.alt,preferred,unrestricted,emptopop_china,instrumented,samestart,yes,yes,yes,no,no,FALSE,33
D.healthspend,TRUE,stacked.alt,preferred,unrestricted,emptopopc_china,instrumented,samestart,yes,yes,yes,no,no,FALSE,34
D.healthspend_d,TRUE,stacked.alt,preferred,unrestricted,emptopop_china,instrumented,samestart,yes,yes,yes,no,no,FALSE,35
D.healthspend_d,TRUE,stacked.alt,preferred,unrestricted,emptopopc_china,instrumented,samestart,yes,yes,yes,no,no,FALSE,36
D.impRate_aapi_corrected_estimated_25,TRUE,stacked.alt,preferred,unrestricted,emptopop_china,instrumented,samestart,yes,yes,yes,no,no,FALSE,37
D.impRate_aapi_corrected_estimated_25,TRUE,stacked.alt,preferred,unrestricted,emptopopc_china,instrumented,samestart,yes,yes,yes,no,no,FALSE,38
D.impRate_aapi_corrected_estimated_75,TRUE,stacked.alt,preferred,unrestricted,emptopop_china,instrumented,samestart,yes,yes,yes,no,no,FALSE,39
D.impRate_aapi_corrected_estimated_75,TRUE,stacked.alt,preferred,unrestricted,emptopopc_china,instrumented,samestart,yes,yes,yes,no,no,FALSE,40
D.impRate_aapi_corrected_estimated0_25,TRUE,stacked.alt,preferred,unrestricted,emptopop_china,instrumented,samestart,yes,yes,yes,no,no,FALSE,41
D.impRate_aapi_corrected_estimated0_25,TRUE,stacked.alt,preferred,unrestricted,emptopopc_china,instrumented,samestart,yes,yes,yes,no,no,FALSE,42
D.impRate_aapi_corrected_estimated0_75,TRUE,stacked.alt,preferred,unrestricted,emptopop_china,instrumented,samestart,yes,yes,yes,no,no,FALSE,43
D.impRate_aapi_corrected_estimated0_75,TRUE,stacked.alt,preferred,unrestricted,emptopopc_china,instrumented,samestart,yes,yes,yes,no,no,FALSE,44
D.impRate_black_corrected_estimated_25,TRUE,stacked.alt,preferred,unrestricted,emptopop_china,instrumented,samestart,yes,yes,yes,no,no,FALSE,45
D.impRate_black_corrected_estimated_25,TRUE,stacked.alt,preferred,unrestricted,emptopopc_china,instrumented,samestart,yes,yes,yes,no,no,FALSE,46
D.impRate_black_corrected_estimated_75,TRUE,stacked.alt,preferred,unrestricted,emptopop_china,instrumented,samestart,yes,yes,yes,no,no,FALSE,47
D.impRate_black_corrected_estimated_75,TRUE,stacked.alt,preferred,unrestricted,emptopopc_china,instrumented,samestart,yes,yes,yes,no,no,FALSE,48
D.impRate_black_corrected_estimated0_25,TRUE,stacked.alt,preferred,unrestricted,emptopop_china,instrumented,samestart,yes,yes,yes,no,no,FALSE,49
D.impRate_black_corrected_estimated0_25,TRUE,stacked.alt,preferred,unrestricted,emptopopc_china,instrumented,samestart,yes,yes,yes,no,no,FALSE,50
D.impRate_black_corrected_estimated0_75,TRUE,stacked.alt,preferred,unrestricted,emptopop_china,instrumented,samestart,yes,yes,yes,no,no,FALSE,51
D.impRate_black_corrected_estimated0_75,TRUE,stacked.alt,preferred,unrestricted,emptopopc_china,instrumented,samestart,yes,yes,yes,no,no,FALSE,52
D.impRate_corrected_discarded_0,TRUE,stacked.alt,preferred,unrestricted,emptopop_china,instrumented,samestart,yes,yes,yes,no,no,FALSE,53
D.impRate_corrected_discarded_0,TRUE,stacked.alt,preferred,unrestricted,emptopopc_china,instrumented,samestart,yes,yes,yes,no,no,FALSE,54
D.impRate_corrected_discarded_100,TRUE,stacked.alt,preferred,unrestricted,emptopop_china,instrumented,samestart,yes,yes,yes,no,no,FALSE,55
D.impRate_corrected_discarded_100,TRUE,stacked.alt,preferred,unrestricted,emptopopc_china,instrumented,samestart,yes,yes,yes,no,no,FALSE,56
D.impRate_corrected_discarded_25,TRUE,stacked.alt,preferred,unrestricted,emptopop_china,instrumented,samestart,yes,yes,yes,no,no,FALSE,57
D.impRate_corrected_discarded_25,TRUE,stacked.alt,preferred,unrestricted,emptopopc_china,instrumented,samestart,yes,yes,yes,no,no,FALSE,58
D.impRate_corrected_discarded_5,TRUE,stacked.alt,preferred,unrestricted,emptopop_china,instrumented,samestart,yes,yes,yes,no,no,FALSE,59
D.impRate_corrected_discarded_5,TRUE,stacked.alt,preferred,unrestricted,emptopopc_china,instrumented,samestart,yes,yes,yes,no,no,FALSE,60
D.impRate_corrected_discarded_50,TRUE,stacked.alt,preferred,unrestricted,emptopop_china,instrumented,samestart,yes,yes,yes,no,no,FALSE,61
D.impRate_corrected_discarded_50,TRUE,stacked.alt,preferred,unrestricted,emptopopc_china,instrumented,samestart,yes,yes,yes,no,no,FALSE,62
D.impRate_corrected_discarded_75,TRUE,stacked.alt,preferred,unrestricted,emptopop_china,instrumented,samestart,yes,yes,yes,no,no,FALSE,63
D.impRate_corrected_discarded_75,TRUE,stacked.alt,preferred,unrestricted,emptopopc_china,instrumented,samestart,yes,yes,yes,no,no,FALSE,64
D.impRate_corrected_estimated_0,TRUE,stacked.alt,preferred,unrestricted,emptopop_china,instrumented,samestart,yes,yes,yes,no,no,FALSE,65
D.impRate_corrected_estimated_0,TRUE,stacked.alt,preferred,unrestricted,emptopopc_china,instrumented,samestart,yes,yes,yes,no,no,FALSE,66
D.impRate_corrected_estimated_100,TRUE,stacked.alt,preferred,unrestricted,emptopop_china,instrumented,samestart,yes,yes,yes,no,no,FALSE,67
D.impRate_corrected_estimated_100,TRUE,stacked.alt,preferred,unrestricted,emptopopc_china,instrumented,samestart,yes,yes,yes,no,no,FALSE,68
D.impRate_corrected_estimated_25,TRUE,stacked.alt,preferred,unrestricted,emptopop_china,instrumented,samestart,yes,yes,yes,no,no,FALSE,69
D.impRate_corrected_estimated_25,TRUE,stacked.alt,preferred,unrestricted,emptopopc_china,instrumented,samestart,yes,yes,yes,no,no,FALSE,70
D.impRate_corrected_estimated_5,TRUE,stacked.alt,preferred,unrestricted,emptopop_china,instrumented,samestart,yes,yes,yes,no,no,FALSE,71
D.impRate_corrected_estimated_5,TRUE,stacked.alt,preferred,unrestricted,emptopopc_china,instrumented,samestart,yes,yes,yes,no,no,FALSE,72
D.impRate_corrected_estimated_50,TRUE,stacked.alt,preferred,unrestricted,emptopop_china,instrumented,samestart,yes,yes,yes,no,no,FALSE,73
D.impRate_corrected_estimated_50,TRUE,stacked.alt,preferred,unrestricted,emptopopc_china,instrumented,samestart,yes,yes,yes,no,no,FALSE,74
D.impRate_corrected_estimated_75,TRUE,stacked.alt,preferred,unrestricted,emptopop_china,instrumented,samestart,yes,yes,yes,no,no,FALSE,75
D.impRate_corrected_estimated_75,TRUE,stacked.alt,preferred,unrestricted,emptopopc_china,instrumented,samestart,yes,yes,yes,no,no,FALSE,76
D.impRate_latinx_corrected_estimated_25,TRUE,stacked.alt,preferred,unrestricted,emptopop_china,instrumented,samestart,yes,yes,yes,no,no,FALSE,77
D.impRate_latinx_corrected_estimated_25,TRUE,stacked.alt,preferred,unrestricted,emptopopc_china,instrumented,samestart,yes,yes,yes,no,no,FALSE,78
D.impRate_latinx_corrected_estimated_75,TRUE,stacked.alt,preferred,unrestricted,emptopop_china,instrumented,samestart,yes,yes,yes,no,no,FALSE,79
D.impRate_latinx_corrected_estimated_75,TRUE,stacked.alt,preferred,unrestricted,emptopopc_china,instrumented,samestart,yes,yes,yes,no,no,FALSE,80
D.impRate_latinx_corrected_estimated0_25,TRUE,stacked.alt,preferred,unrestricted,emptopop_china,instrumented,samestart,yes,yes,yes,no,no,FALSE,81
D.impRate_latinx_corrected_estimated0_25,TRUE,stacked.alt,preferred,unrestricted,emptopopc_china,instrumented,samestart,yes,yes,yes,no,no,FALSE,82
D.impRate_latinx_corrected_estimated0_75,TRUE,stacked.alt,preferred,unrestricted,emptopop_china,instrumented,samestart,yes,yes,yes,no,no,FALSE,83
D.impRate_latinx_corrected_estimated0_75,TRUE,stacked.alt,preferred,unrestricted,emptopopc_china,instrumented,samestart,yes,yes,yes,no,no,FALSE,84
D.impRate_native_corrected_estimated_25,TRUE,stacked.alt,preferred,unrestricted,emptopop_china,instrumented,samestart,yes,yes,yes,no,no,FALSE,85
D.impRate_native_corrected_estimated_25,TRUE,stacked.alt,preferred,unrestricted,emptopopc_china,instrumented,samestart,yes,yes,yes,no,no,FALSE,86
D.impRate_native_corrected_estimated_75,TRUE,stacked.alt,preferred,unrestricted,emptopop_china,instrumented,samestart,yes,yes,yes,no,no,FALSE,87
D.impRate_native_corrected_estimated_75,TRUE,stacked.alt,preferred,unrestricted,emptopopc_china,instrumented,samestart,yes,yes,yes,no,no,FALSE,88
D.impRate_native_corrected_estimated0_25,TRUE,stacked.alt,preferred,unrestricted,emptopop_china,instrumented,samestart,yes,yes,yes,no,no,FALSE,89
D.impRate_native_corrected_estimated0_25,TRUE,stacked.alt,preferred,unrestricted,emptopopc_china,instrumented,samestart,yes,yes,yes,no,no,FALSE,90
D.impRate_native_corrected_estimated0_75,TRUE,stacked.alt,preferred,unrestricted,emptopop_china,instrumented,samestart,yes,yes,yes,no,no,FALSE,91
D.impRate_native_corrected_estimated0_75,TRUE,stacked.alt,preferred,unrestricted,emptopopc_china,instrumented,samestart,yes,yes,yes,no,no,FALSE,92
D.impRate_uncorrected_discarded_0,TRUE,stacked.alt,preferred,unrestricted,emptopop_china,instrumented,samestart,yes,yes,yes,no,no,FALSE,93
D.impRate_uncorrected_discarded_0,TRUE,stacked.alt,preferred,unrestricted,emptopopc_china,instrumented,samestart,yes,yes,yes,no,no,FALSE,94
D.impRate_uncorrected_discarded_100,TRUE,stacked.alt,preferred,unrestricted,emptopop_china,instrumented,samestart,yes,yes,yes,no,no,FALSE,95
D.impRate_uncorrected_discarded_100,TRUE,stacked.alt,preferred,unrestricted,emptopopc_china,instrumented,samestart,yes,yes,yes,no,no,FALSE,96
D.impRate_uncorrected_discarded_25,TRUE,stacked.alt,preferred,unrestricted,emptopop_china,instrumented,samestart,yes,yes,yes,no,no,FALSE,97
D.impRate_uncorrected_discarded_25,TRUE,stacked.alt,preferred,unrestricted,emptopopc_china,instrumented,samestart,yes,yes,yes,no,no,FALSE,98
D.impRate_uncorrected_discarded_5,TRUE,stacked.alt,preferred,unrestricted,emptopop_china,instrumented,samestart,yes,yes,yes,no,no,FALSE,99
D.impRate_uncorrected_discarded_5,TRUE,stacked.alt,preferred,unrestricted,emptopopc_china,instrumented,samestart,yes,yes,yes,no,no,FALSE,100
D.impRate_uncorrected_discarded_50,TRUE,stacked.alt,preferred,unrestricted,emptopop_china,instrumented,samestart,yes,yes,yes,no,no,FALSE,101
D.impRate_uncorrected_discarded_50,TRUE,stacked.alt,preferred,unrestricted,emptopopc_china,instrumented,samestart,yes,yes,yes,no,no,FALSE,102
D.impRate_uncorrected_discarded_75,TRUE,stacked.alt,preferred,unrestricted,emptopop_china,instrumented,samestart,yes,yes,yes,no,no,FALSE,103
D.impRate_uncorrected_discarded_75,TRUE,stacked.alt,preferred,unrestricted,emptopopc_china,instrumented,samestart,yes,yes,yes,no,no,FALSE,104
D.impRate_uncorrected_estimated_0,TRUE,stacked.alt,preferred,unrestricted,emptopop_china,instrumented,samestart,yes,yes,yes,no,no,FALSE,105
D.impRate_uncorrected_estimated_0,TRUE,stacked.alt,preferred,unrestricted,emptopopc_china,instrumented,samestart,yes,yes,yes,no,no,FALSE,106
D.impRate_uncorrected_estimated_100,TRUE,stacked.alt,preferred,unrestricted,emptopop_china,instrumented,samestart,yes,yes,yes,no,no,FALSE,107
D.impRate_uncorrected_estimated_100,TRUE,stacked.alt,preferred,unrestricted,emptopopc_china,instrumented,samestart,yes,yes,yes,no,no,FALSE,108
D.impRate_uncorrected_estimated_25,TRUE,stacked.alt,preferred,unrestricted,emptopop_china,instrumented,samestart,yes,yes,yes,no,no,FALSE,109
D.impRate_uncorrected_estimated_25,TRUE,stacked.alt,preferred,unrestricted,emptopopc_china,instrumented,samestart,yes,yes,yes,no,no,FALSE,110
D.impRate_uncorrected_estimated_5,TRUE,stacked.alt,preferred,unrestricted,emptopop_china,instrumented,samestart,yes,yes,yes,no,no,FALSE,111
D.impRate_uncorrected_estimated_5,TRUE,stacked.alt,preferred,unrestricted,emptopopc_china,instrumented,samestart,yes,yes,yes,no,no,FALSE,112
D.impRate_uncorrected_estimated_50,TRUE,stacked.alt,preferred,unrestricted,emptopop_china,instrumented,samestart,yes,yes,yes,no,no,FALSE,113
D.impRate_uncorrected_estimated_50,TRUE,stacked.alt,preferred,unrestricted,emptopopc_china,instrumented,samestart,yes,yes,yes,no,no,FALSE,114
D.impRate_uncorrected_estimated_75,TRUE,stacked.alt,preferred,unrestricted,emptopop_china,instrumented,samestart,yes,yes,yes,no,no,FALSE,115
D.impRate_uncorrected_estimated_75,TRUE,stacked.alt,preferred,unrestricted,emptopopc_china,instrumented,samestart,yes,yes,yes,no,no,FALSE,116
D.impRate_white_corrected_estimated_25,TRUE,stacked.alt,preferred,unrestricted,emptopop_china,instrumented,samestart,yes,yes,yes,no,no,FALSE,117
D.impRate_white_corrected_estimated_25,TRUE,stacked.alt,preferred,unrestricted,emptopopc_china,instrumented,samestart,yes,yes,yes,no,no,FALSE,118
D.impRate_white_corrected_estimated_75,TRUE,stacked.alt,preferred,unrestricted,emptopop_china,instrumented,samestart,yes,yes,yes,no,no,FALSE,119
D.impRate_white_corrected_estimated_75,TRUE,stacked.alt,preferred,unrestricted,emptopopc_china,instrumented,samestart,yes,yes,yes,no,no,FALSE,120
D.impRate_white_corrected_estimated0_25,TRUE,stacked.alt,preferred,unrestricted,emptopop_china,instrumented,samestart,yes,yes,yes,no,no,FALSE,121
D.impRate_white_corrected_estimated0_25,TRUE,stacked.alt,preferred,unrestricted,emptopopc_china,instrumented,samestart,yes,yes,yes,no,no,FALSE,122
D.impRate_white_corrected_estimated0_75,TRUE,stacked.alt,preferred,unrestricted,emptopop_china,instrumented,samestart,yes,yes,yes,no,no,FALSE,123
D.impRate_white_corrected_estimated0_75,TRUE,stacked.alt,preferred,unrestricted,emptopopc_china,instrumented,samestart,yes,yes,yes,no,no,FALSE,124
D.incRate_aapi_corrected_estimated_25,TRUE,stacked.alt,preferred,unrestricted,emptopop_china,instrumented,samestart,yes,yes,yes,no,no,FALSE,125
D.incRate_aapi_corrected_estimated_25,TRUE,stacked.alt,preferred,unrestricted,emptopopc_china,instrumented,samestart,yes,yes,yes,no,no,FALSE,126
D.incRate_aapi_corrected_estimated_75,TRUE,stacked.alt,preferred,unrestricted,emptopop_china,instrumented,samestart,yes,yes,yes,no,no,FALSE,127
D.incRate_aapi_corrected_estimated_75,TRUE,stacked.alt,preferred,unrestricted,emptopopc_china,instrumented,samestart,yes,yes,yes,no,no,FALSE,128
D.incRate_aapi_corrected_estimated0_25,TRUE,stacked.alt,preferred,unrestricted,emptopop_china,instrumented,samestart,yes,yes,yes,no,no,FALSE,129
D.incRate_aapi_corrected_estimated0_25,TRUE,stacked.alt,preferred,unrestricted,emptopopc_china,instrumented,samestart,yes,yes,yes,no,no,FALSE,130
D.incRate_aapi_corrected_estimated0_75,TRUE,stacked.alt,preferred,unrestricted,emptopop_china,instrumented,samestart,yes,yes,yes,no,no,FALSE,131
D.incRate_aapi_corrected_estimated0_75,TRUE,stacked.alt,preferred,unrestricted,emptopopc_china,instrumented,samestart,yes,yes,yes,no,no,FALSE,132
D.incRate_black_corrected_estimated_25,TRUE,stacked.alt,preferred,unrestricted,emptopop_china,instrumented,samestart,yes,yes,yes,no,no,FALSE,133
D.incRate_black_corrected_estimated_25,TRUE,stacked.alt,preferred,unrestricted,emptopopc_china,instrumented,samestart,yes,yes,yes,no,no,FALSE,134
D.incRate_black_corrected_estimated_75,TRUE,stacked.alt,preferred,unrestricted,emptopop_china,instrumented,samestart,yes,yes,yes,no,no,FALSE,135
D.incRate_black_corrected_estimated_75,TRUE,stacked.alt,preferred,unrestricted,emptopopc_china,instrumented,samestart,yes,yes,yes,no,no,FALSE,136
D.incRate_black_corrected_estimated0_25,TRUE,stacked.alt,preferred,unrestricted,emptopop_china,instrumented,samestart,yes,yes,yes,no,no,FALSE,137
D.incRate_black_corrected_estimated0_25,TRUE,stacked.alt,preferred,unrestricted,emptopopc_china,instrumented,samestart,yes,yes,yes,no,no,FALSE,138
D.incRate_black_corrected_estimated0_75,TRUE,stacked.alt,preferred,unrestricted,emptopop_china,instrumented,samestart,yes,yes,yes,no,no,FALSE,139
D.incRate_black_corrected_estimated0_75,TRUE,stacked.alt,preferred,unrestricted,emptopopc_china,instrumented,samestart,yes,yes,yes,no,no,FALSE,140
D.incRate_corrected_discarded_0,TRUE,stacked.alt,preferred,unrestricted,emptopop_china,instrumented,samestart,yes,yes,yes,no,no,FALSE,141
D.incRate_corrected_discarded_0,TRUE,stacked.alt,preferred,unrestricted,emptopopc_china,instrumented,samestart,yes,yes,yes,no,no,FALSE,142
D.incRate_corrected_discarded_100,TRUE,stacked.alt,preferred,unrestricted,emptopop_china,instrumented,samestart,yes,yes,yes,no,no,FALSE,143
D.incRate_corrected_discarded_100,TRUE,stacked.alt,preferred,unrestricted,emptopopc_china,instrumented,samestart,yes,yes,yes,no,no,FALSE,144
D.incRate_corrected_discarded_25,TRUE,stacked.alt,preferred,unrestricted,emptopop_china,instrumented,samestart,yes,yes,yes,no,no,FALSE,145
D.incRate_corrected_discarded_25,TRUE,stacked.alt,preferred,unrestricted,emptopopc_china,instrumented,samestart,yes,yes,yes,no,no,FALSE,146
D.incRate_corrected_discarded_5,TRUE,stacked.alt,preferred,unrestricted,emptopop_china,instrumented,samestart,yes,yes,yes,no,no,FALSE,147
D.incRate_corrected_discarded_5,TRUE,stacked.alt,preferred,unrestricted,emptopopc_china,instrumented,samestart,yes,yes,yes,no,no,FALSE,148
D.incRate_corrected_discarded_50,TRUE,stacked.alt,preferred,unrestricted,emptopop_china,instrumented,samestart,yes,yes,yes,no,no,FALSE,149
D.incRate_corrected_discarded_50,TRUE,stacked.alt,preferred,unrestricted,emptopopc_china,instrumented,samestart,yes,yes,yes,no,no,FALSE,150
D.incRate_corrected_discarded_75,TRUE,stacked.alt,preferred,unrestricted,emptopop_china,instrumented,samestart,yes,yes,yes,no,no,FALSE,151
D.incRate_corrected_discarded_75,TRUE,stacked.alt,preferred,unrestricted,emptopopc_china,instrumented,samestart,yes,yes,yes,no,no,FALSE,152
D.incRate_corrected_estimated_0,TRUE,stacked.alt,preferred,unrestricted,emptopop_china,instrumented,samestart,yes,yes,yes,no,no,FALSE,153
D.incRate_corrected_estimated_0,TRUE,stacked.alt,preferred,unrestricted,emptopopc_china,instrumented,samestart,yes,yes,yes,no,no,FALSE,154
D.incRate_corrected_estimated_100,TRUE,stacked.alt,preferred,unrestricted,emptopop_china,instrumented,samestart,yes,yes,yes,no,no,FALSE,155
D.incRate_corrected_estimated_100,TRUE,stacked.alt,preferred,unrestricted,emptopopc_china,instrumented,samestart,yes,yes,yes,no,no,FALSE,156
D.incRate_corrected_estimated_25,FALSE,stacked.alt,preferred,unrestricted,emptopop_china,instrumented,samestart,yes,yes,yes,no,no,FALSE,157
D.incRate_corrected_estimated_25,FALSE,stacked.alt,preferred,unrestricted,emptopopc_china,instrumented,samestart,yes,yes,yes,no,no,FALSE,158
D.incRate_corrected_estimated_25,TRUE,first,preferred,unrestricted,emptopop_china,instrumented,samestart,yes,yes,yes,no,no,FALSE,159
D.incRate_corrected_estimated_25,TRUE,first,preferred,unrestricted,emptopopc_china,instrumented,samestart,yes,yes,yes,no,no,FALSE,160
D.incRate_corrected_estimated_25,TRUE,long,preferred,unrestricted,emptopop_china,instrumented,samestart,yes,yes,yes,no,no,FALSE,161
D.incRate_corrected_estimated_25,TRUE,long,preferred,unrestricted,emptopopc_china,instrumented,samestart,yes,yes,yes,no,no,FALSE,162
D.incRate_corrected_estimated_25,TRUE,long.alt,preferred,unrestricted,emptopop_china,instrumented,samestart,yes,yes,yes,no,no,FALSE,163
D.incRate_corrected_estimated_25,TRUE,long.alt,preferred,unrestricted,emptopopc_china,instrumented,samestart,yes,yes,yes,no,no,FALSE,164
D.incRate_corrected_estimated_25,TRUE,second,preferred,unrestricted,emptopop_china,instrumented,samestart,yes,yes,yes,no,no,FALSE,165
D.incRate_corrected_estimated_25,TRUE,second,preferred,unrestricted,emptopopc_china,instrumented,samestart,yes,yes,yes,no,no,FALSE,166
D.incRate_corrected_estimated_25,TRUE,second.alt,preferred,unrestricted,emptopop_china,instrumented,samestart,yes,yes,yes,no,no,FALSE,167
D.incRate_corrected_estimated_25,TRUE,second.alt,preferred,unrestricted,emptopopc_china,instrumented,samestart,yes,yes,yes,no,no,FALSE,168
D.incRate_corrected_estimated_25,TRUE,stacked,preferred,unrestricted,emptopop_china,instrumented,samestart,yes,yes,yes,no,no,FALSE,169
D.incRate_corrected_estimated_25,TRUE,stacked,preferred,unrestricted,emptopopc_china,instrumented,samestart,yes,yes,yes,no,no,FALSE,170
D.incRate_corrected_estimated_25,TRUE,stacked.alt,czfe,unrestricted,emptopop_china,instrumented,samestart,yes,yes,yes,no,no,FALSE,171
D.incRate_corrected_estimated_25,TRUE,stacked.alt,czfe,unrestricted,emptopopc_china,instrumented,samestart,yes,yes,yes,no,no,FALSE,172
D.incRate_corrected_estimated_25,TRUE,stacked.alt,extracontrols,unrestricted,emptopop_china,instrumented,samestart,yes,yes,yes,no,no,FALSE,173
D.incRate_corrected_estimated_25,TRUE,stacked.alt,extracontrols,unrestricted,emptopopc_china,instrumented,samestart,yes,yes,yes,no,no,FALSE,174
D.incRate_corrected_estimated_25,TRUE,stacked.alt,periodfe,unrestricted,emptopop_china,instrumented,samestart,yes,yes,yes,no,no,FALSE,175
D.incRate_corrected_estimated_25,TRUE,stacked.alt,periodfe,unrestricted,emptopopc_china,instrumented,samestart,yes,yes,yes,no,no,FALSE,176
D.incRate_corrected_estimated_25,TRUE,stacked.alt,preferred,consistent,emptopop_china,instrumented,samestart,yes,yes,yes,no,no,FALSE,177
D.incRate_corrected_estimated_25,TRUE,stacked.alt,preferred,consistent,emptopopc_china,instrumented,samestart,yes,yes,yes,no,no,FALSE,178
D.incRate_corrected_estimated_25,TRUE,stacked.alt,preferred,unrestricted,china,instrumented,samestart,yes,yes,yes,no,no,FALSE,179
D.incRate_corrected_estimated_25,FALSE,stacked,preferred,unrestricted,china_alt,instrumented,samestart,yes,yes,yes,no,no,FALSE,180
D.incRate_corrected_estimated_25,TRUE,stacked.alt,preferred,unrestricted,emptopop_china,instrumented,latestart,yes,yes,yes,no,no,FALSE,181
D.incRate_corrected_estimated_25,TRUE,stacked.alt,preferred,unrestricted,emptopop_china,instrumented,samestart,no,yes,yes,no,no,FALSE,182
D.incRate_corrected_estimated_25,TRUE,stacked.alt,preferred,unrestricted,emptopop_china,instrumented,samestart,yes,no,yes,no,no,FALSE,183
D.incRate_corrected_estimated_25,TRUE,stacked.alt,preferred,unrestricted,emptopop_china,instrumented,samestart,yes,yes,no,no,no,FALSE,184
D.incRate_corrected_estimated_25,TRUE,stacked.alt,preferred,unrestricted,emptopop_china,instrumented,samestart,yes,yes,yes,no,<100k,FALSE,185
D.incRate_corrected_estimated_25,TRUE,stacked.alt,preferred,unrestricted,emptopop_china,instrumented,samestart,yes,yes,yes,no,<10k,FALSE,186
D.incRate_corrected_estimated_25,TRUE,stacked.alt,preferred,unrestricted,emptopop_china,instrumented,samestart,yes,yes,yes,winsorize1,no,FALSE,187
D.incRate_corrected_estimated_25,TRUE,stacked.alt,preferred,unrestricted,emptopop_china,instrumented,samestart,yes,yes,yes,winsorize2,no,FALSE,188
D.incRate_corrected_estimated_25,TRUE,stacked.alt,preferred,unrestricted,emptopop_china,instrumented,samestart,yes,yes,yes,yes,no,FALSE,189
D.incRate_corrected_estimated_25,TRUE,stacked.alt,preferred,unrestricted,emptopop_china,ols,samestart,yes,yes,yes,no,no,FALSE,190
D.incRate_corrected_estimated_25,FALSE,stacked,preferred,unrestricted,emptopop_china_alt,instrumented,samestart,yes,yes,yes,no,no,FALSE,191
D.incRate_black_corrected_estimated_25,TRUE,stacked.alt,preferred,unrestricted,emptopopc_black_china,instrumented,samestart,yes,yes,yes,no,no,FALSE,192
D.incRate_corrected_estimated_25,TRUE,stacked.alt,preferred,unrestricted,emptopopc_china,instrumented,latestart,yes,yes,yes,no,no,FALSE,193
D.incRate_corrected_estimated_25,TRUE,stacked.alt,preferred,unrestricted,emptopopc_china,instrumented,samestart,no,yes,yes,no,no,FALSE,194
D.incRate_corrected_estimated_25,TRUE,stacked.alt,preferred,unrestricted,emptopopc_china,instrumented,samestart,yes,no,yes,no,no,FALSE,195
D.incRate_corrected_estimated_25,TRUE,stacked.alt,preferred,unrestricted,emptopopc_china,instrumented,samestart,yes,yes,no,no,no,FALSE,196
D.incRate_corrected_estimated_25,TRUE,stacked.alt,preferred,unrestricted,emptopopc_china,instrumented,samestart,yes,yes,yes,no,<100k,FALSE,197
D.incRate_corrected_estimated_25,TRUE,stacked.alt,preferred,unrestricted,emptopopc_china,instrumented,samestart,yes,yes,yes,no,<10k,FALSE,198
D.incRate_corrected_estimated_25,TRUE,stacked.alt,preferred,unrestricted,emptopopc_china,instrumented,samestart,yes,yes,yes,winsorize1,no,FALSE,199
D.incRate_corrected_estimated_25,TRUE,stacked.alt,preferred,unrestricted,emptopopc_china,instrumented,samestart,yes,yes,yes,winsorize2,no,FALSE,200
D.incRate_corrected_estimated_25,TRUE,stacked.alt,preferred,unrestricted,emptopopc_china,instrumented,samestart,yes,yes,yes,yes,no,FALSE,201
D.incRate_corrected_estimated_25,TRUE,stacked.alt,preferred,unrestricted,emptopopc_china,ols,samestart,yes,yes,yes,no,no,FALSE,202
D.incRate_white_corrected_estimated_25,TRUE,stacked.alt,preferred,unrestricted,emptopopc_white_china,instrumented,samestart,yes,yes,yes,no,no,FALSE,203
D.incRate_corrected_estimated_25,TRUE,stacked.alt,preferred,unrestricted,manuf_china,instrumented,samestart,yes,yes,yes,no,no,FALSE,204
D.incRate_corrected_estimated_25,TRUE,stacked.alt,preferred,unrestricted,unemp_china,instrumented,samestart,yes,yes,yes,no,no,FALSE,205
D.incRate_corrected_estimated_25,TRUE,stacked.alt,simple,unrestricted,emptopop_china,instrumented,samestart,yes,yes,yes,no,no,FALSE,206
D.incRate_corrected_estimated_25,TRUE,stacked.alt,simple,unrestricted,emptopopc_china,instrumented,samestart,yes,yes,yes,no,no,FALSE,207
D.incRate_corrected_estimated_25,TRUE,stacked.alt,spfe,unrestricted,emptopop_china,instrumented,samestart,yes,yes,yes,no,no,FALSE,208
D.incRate_corrected_estimated_25,TRUE,stacked.alt,spfe,unrestricted,emptopopc_china,instrumented,samestart,yes,yes,yes,no,no,FALSE,209
D.incRate_corrected_estimated_25,TRUE,stacked.alt,statefe,unrestricted,emptopop_china,instrumented,samestart,yes,yes,yes,no,no,FALSE,210
D.incRate_corrected_estimated_25,TRUE,stacked.alt,statefe,unrestricted,emptopopc_china,instrumented,samestart,yes,yes,yes,no,no,FALSE,211
D.incRate_corrected_estimated_25_vera2002,TRUE,stacked.alt,preferred,unrestricted,emptopop_china,instrumented,samestart,yes,yes,yes,no,no,FALSE,212
D.incRate_corrected_estimated_25_vera2002,TRUE,stacked.alt,preferred,unrestricted,emptopopc_china,instrumented,samestart,yes,yes,yes,no,no,FALSE,213
D.incRate_corrected_estimated_5,TRUE,stacked.alt,preferred,unrestricted,emptopop_china,instrumented,samestart,yes,yes,yes,no,no,FALSE,214
D.incRate_corrected_estimated_5,TRUE,stacked.alt,preferred,unrestricted,emptopopc_china,instrumented,samestart,yes,yes,yes,no,no,FALSE,215
D.incRate_corrected_estimated_50,TRUE,stacked.alt,preferred,unrestricted,emptopop_china,instrumented,samestart,yes,yes,yes,no,no,FALSE,216
D.incRate_corrected_estimated_50,TRUE,stacked.alt,preferred,unrestricted,emptopopc_china,instrumented,samestart,yes,yes,yes,no,no,FALSE,217
D.incRate_corrected_estimated_75,TRUE,stacked.alt,preferred,unrestricted,emptopop_china,instrumented,samestart,yes,yes,yes,no,no,FALSE,218
D.incRate_corrected_estimated_75,TRUE,stacked.alt,preferred,unrestricted,emptopopc_china,instrumented,samestart,yes,yes,yes,no,no,FALSE,219
D.incRate_latinx_corrected_estimated_25,TRUE,stacked.alt,preferred,unrestricted,emptopop_china,instrumented,samestart,yes,yes,yes,no,no,FALSE,220
D.incRate_latinx_corrected_estimated_25,TRUE,stacked.alt,preferred,unrestricted,emptopopc_china,instrumented,samestart,yes,yes,yes,no,no,FALSE,221
D.incRate_latinx_corrected_estimated_75,TRUE,stacked.alt,preferred,unrestricted,emptopop_china,instrumented,samestart,yes,yes,yes,no,no,FALSE,222
D.incRate_latinx_corrected_estimated_75,TRUE,stacked.alt,preferred,unrestricted,emptopopc_china,instrumented,samestart,yes,yes,yes,no,no,FALSE,223
D.incRate_latinx_corrected_estimated0_25,TRUE,stacked.alt,preferred,unrestricted,emptopop_china,instrumented,samestart,yes,yes,yes,no,no,FALSE,224
D.incRate_latinx_corrected_estimated0_25,TRUE,stacked.alt,preferred,unrestricted,emptopopc_china,instrumented,samestart,yes,yes,yes,no,no,FALSE,225
D.incRate_latinx_corrected_estimated0_75,TRUE,stacked.alt,preferred,unrestricted,emptopop_china,instrumented,samestart,yes,yes,yes,no,no,FALSE,226
D.incRate_latinx_corrected_estimated0_75,TRUE,stacked.alt,preferred,unrestricted,emptopopc_china,instrumented,samestart,yes,yes,yes,no,no,FALSE,227
D.incRate_native_corrected_estimated_25,TRUE,stacked.alt,preferred,unrestricted,emptopop_china,instrumented,samestart,yes,yes,yes,no,no,FALSE,228
D.incRate_native_corrected_estimated_25,TRUE,stacked.alt,preferred,unrestricted,emptopopc_china,instrumented,samestart,yes,yes,yes,no,no,FALSE,229
D.incRate_native_corrected_estimated_75,TRUE,stacked.alt,preferred,unrestricted,emptopop_china,instrumented,samestart,yes,yes,yes,no,no,FALSE,230
D.incRate_native_corrected_estimated_75,TRUE,stacked.alt,preferred,unrestricted,emptopopc_china,instrumented,samestart,yes,yes,yes,no,no,FALSE,231
D.incRate_native_corrected_estimated0_25,TRUE,stacked.alt,preferred,unrestricted,emptopop_china,instrumented,samestart,yes,yes,yes,no,no,FALSE,232
D.incRate_native_corrected_estimated0_25,TRUE,stacked.alt,preferred,unrestricted,emptopopc_china,instrumented,samestart,yes,yes,yes,no,no,FALSE,233
D.incRate_native_corrected_estimated0_75,TRUE,stacked.alt,preferred,unrestricted,emptopop_china,instrumented,samestart,yes,yes,yes,no,no,FALSE,234
D.incRate_native_corrected_estimated0_75,TRUE,stacked.alt,preferred,unrestricted,emptopopc_china,instrumented,samestart,yes,yes,yes,no,no,FALSE,235
D.incRate_uncorrected_discarded_0,TRUE,stacked.alt,preferred,unrestricted,emptopop_china,instrumented,samestart,yes,yes,yes,no,no,FALSE,236
D.incRate_uncorrected_discarded_0,TRUE,stacked.alt,preferred,unrestricted,emptopopc_china,instrumented,samestart,yes,yes,yes,no,no,FALSE,237
D.incRate_uncorrected_discarded_100,TRUE,stacked.alt,preferred,unrestricted,emptopop_china,instrumented,samestart,yes,yes,yes,no,no,FALSE,238
D.incRate_uncorrected_discarded_100,TRUE,stacked.alt,preferred,unrestricted,emptopopc_china,instrumented,samestart,yes,yes,yes,no,no,FALSE,239
D.incRate_uncorrected_discarded_25,TRUE,stacked.alt,preferred,unrestricted,emptopop_china,instrumented,samestart,yes,yes,yes,no,no,FALSE,240
D.incRate_uncorrected_discarded_25,TRUE,stacked.alt,preferred,unrestricted,emptopopc_china,instrumented,samestart,yes,yes,yes,no,no,FALSE,241
D.incRate_uncorrected_discarded_5,TRUE,stacked.alt,preferred,unrestricted,emptopop_china,instrumented,samestart,yes,yes,yes,no,no,FALSE,242
D.incRate_uncorrected_discarded_5,TRUE,stacked.alt,preferred,unrestricted,emptopopc_china,instrumented,samestart,yes,yes,yes,no,no,FALSE,243
D.incRate_uncorrected_discarded_50,TRUE,stacked.alt,preferred,unrestricted,emptopop_china,instrumented,samestart,yes,yes,yes,no,no,FALSE,244
D.incRate_uncorrected_discarded_50,TRUE,stacked.alt,preferred,unrestricted,emptopopc_china,instrumented,samestart,yes,yes,yes,no,no,FALSE,245
D.incRate_uncorrected_discarded_75,TRUE,stacked.alt,preferred,unrestricted,emptopop_china,instrumented,samestart,yes,yes,yes,no,no,FALSE,246
D.incRate_uncorrected_discarded_75,TRUE,stacked.alt,preferred,unrestricted,emptopopc_china,instrumented,samestart,yes,yes,yes,no,no,FALSE,247
D.incRate_uncorrected_estimated_0,TRUE,stacked.alt,preferred,unrestricted,emptopop_china,instrumented,samestart,yes,yes,yes,no,no,FALSE,248
D.incRate_uncorrected_estimated_0,TRUE,stacked.alt,preferred,unrestricted,emptopopc_china,instrumented,samestart,yes,yes,yes,no,no,FALSE,249
D.incRate_uncorrected_estimated_100,TRUE,stacked.alt,preferred,unrestricted,emptopop_china,instrumented,samestart,yes,yes,yes,no,no,FALSE,250
D.incRate_uncorrected_estimated_100,TRUE,stacked.alt,preferred,unrestricted,emptopopc_china,instrumented,samestart,yes,yes,yes,no,no,FALSE,251
D.incRate_uncorrected_estimated_25,TRUE,stacked.alt,preferred,unrestricted,emptopop_china,instrumented,samestart,yes,yes,yes,no,no,FALSE,252
D.incRate_uncorrected_estimated_25,TRUE,stacked.alt,preferred,unrestricted,emptopopc_china,instrumented,samestart,yes,yes,yes,no,no,FALSE,253
D.incRate_uncorrected_estimated_5,TRUE,stacked.alt,preferred,unrestricted,emptopop_china,instrumented,samestart,yes,yes,yes,no,no,FALSE,254
D.incRate_uncorrected_estimated_5,TRUE,stacked.alt,preferred,unrestricted,emptopopc_china,instrumented,samestart,yes,yes,yes,no,no,FALSE,255
D.incRate_uncorrected_estimated_50,TRUE,stacked.alt,preferred,unrestricted,emptopop_china,instrumented,samestart,yes,yes,yes,no,no,FALSE,256
D.incRate_uncorrected_estimated_50,TRUE,stacked.alt,preferred,unrestricted,emptopopc_china,instrumented,samestart,yes,yes,yes,no,no,FALSE,257
D.incRate_uncorrected_estimated_75,TRUE,stacked.alt,preferred,unrestricted,emptopop_china,instrumented,samestart,yes,yes,yes,no,no,FALSE,258
D.incRate_uncorrected_estimated_75,TRUE,stacked.alt,preferred,unrestricted,emptopopc_china,instrumented,samestart,yes,yes,yes,no,no,FALSE,259
D.incRate_white_corrected_estimated_25,TRUE,stacked.alt,preferred,unrestricted,emptopop_china,instrumented,samestart,yes,yes,yes,no,no,FALSE,260
D.incRate_white_corrected_estimated_25,TRUE,stacked.alt,preferred,unrestricted,emptopopc_china,instrumented,samestart,yes,yes,yes,no,no,FALSE,261
D.incRate_white_corrected_estimated_75,TRUE,stacked.alt,preferred,unrestricted,emptopop_china,instrumented,samestart,yes,yes,yes,no,no,FALSE,262
D.incRate_white_corrected_estimated_75,TRUE,stacked.alt,preferred,unrestricted,emptopopc_china,instrumented,samestart,yes,yes,yes,no,no,FALSE,263
D.incRate_white_corrected_estimated0_25,TRUE,stacked.alt,preferred,unrestricted,emptopop_china,instrumented,samestart,yes,yes,yes,no,no,FALSE,264
D.incRate_white_corrected_estimated0_25,TRUE,stacked.alt,preferred,unrestricted,emptopopc_china,instrumented,samestart,yes,yes,yes,no,no,FALSE,265
D.incRate_white_corrected_estimated0_75,TRUE,stacked.alt,preferred,unrestricted,emptopop_china,instrumented,samestart,yes,yes,yes,no,no,FALSE,266
D.incRate_white_corrected_estimated0_75,TRUE,stacked.alt,preferred,unrestricted,emptopopc_china,instrumented,samestart,yes,yes,yes,no,no,FALSE,267
D.jailRate_aapi_corrected_estimated_25,TRUE,stacked.alt,preferred,unrestricted,emptopop_china,instrumented,samestart,yes,yes,yes,no,no,FALSE,268
D.jailRate_aapi_corrected_estimated_25,TRUE,stacked.alt,preferred,unrestricted,emptopopc_china,instrumented,samestart,yes,yes,yes,no,no,FALSE,269
D.jailRate_aapi_corrected_estimated_75,TRUE,stacked.alt,preferred,unrestricted,emptopop_china,instrumented,samestart,yes,yes,yes,no,no,FALSE,270
D.jailRate_aapi_corrected_estimated_75,TRUE,stacked.alt,preferred,unrestricted,emptopopc_china,instrumented,samestart,yes,yes,yes,no,no,FALSE,271
D.jailRate_aapi_corrected_estimated0_25,TRUE,stacked.alt,preferred,unrestricted,emptopop_china,instrumented,samestart,yes,yes,yes,no,no,FALSE,272
D.jailRate_aapi_corrected_estimated0_25,TRUE,stacked.alt,preferred,unrestricted,emptopopc_china,instrumented,samestart,yes,yes,yes,no,no,FALSE,273
D.jailRate_aapi_corrected_estimated0_75,TRUE,stacked.alt,preferred,unrestricted,emptopop_china,instrumented,samestart,yes,yes,yes,no,no,FALSE,274
D.jailRate_aapi_corrected_estimated0_75,TRUE,stacked.alt,preferred,unrestricted,emptopopc_china,instrumented,samestart,yes,yes,yes,no,no,FALSE,275
D.jailRate_black_corrected_estimated_25,TRUE,stacked.alt,preferred,unrestricted,emptopop_china,instrumented,samestart,yes,yes,yes,no,no,FALSE,276
D.jailRate_black_corrected_estimated_25,TRUE,stacked.alt,preferred,unrestricted,emptopopc_china,instrumented,samestart,yes,yes,yes,no,no,FALSE,277
D.jailRate_black_corrected_estimated_75,TRUE,stacked.alt,preferred,unrestricted,emptopop_china,instrumented,samestart,yes,yes,yes,no,no,FALSE,278
D.jailRate_black_corrected_estimated_75,TRUE,stacked.alt,preferred,unrestricted,emptopopc_china,instrumented,samestart,yes,yes,yes,no,no,FALSE,279
D.jailRate_black_corrected_estimated0_25,TRUE,stacked.alt,preferred,unrestricted,emptopop_china,instrumented,samestart,yes,yes,yes,no,no,FALSE,280
D.jailRate_black_corrected_estimated0_25,TRUE,stacked.alt,preferred,unrestricted,emptopopc_china,instrumented,samestart,yes,yes,yes,no,no,FALSE,281
D.jailRate_black_corrected_estimated0_75,TRUE,stacked.alt,preferred,unrestricted,emptopop_china,instrumented,samestart,yes,yes,yes,no,no,FALSE,282
D.jailRate_black_corrected_estimated0_75,TRUE,stacked.alt,preferred,unrestricted,emptopopc_china,instrumented,samestart,yes,yes,yes,no,no,FALSE,283
D.jailRate_corrected_discarded_0,TRUE,stacked.alt,preferred,unrestricted,emptopop_china,instrumented,samestart,yes,yes,yes,no,no,FALSE,284
D.jailRate_corrected_discarded_0,TRUE,stacked.alt,preferred,unrestricted,emptopopc_china,instrumented,samestart,yes,yes,yes,no,no,FALSE,285
D.jailRate_corrected_discarded_100,TRUE,stacked.alt,preferred,unrestricted,emptopop_china,instrumented,samestart,yes,yes,yes,no,no,FALSE,286
D.jailRate_corrected_discarded_100,TRUE,stacked.alt,preferred,unrestricted,emptopopc_china,instrumented,samestart,yes,yes,yes,no,no,FALSE,287
D.jailRate_corrected_discarded_25,TRUE,stacked.alt,preferred,unrestricted,emptopop_china,instrumented,samestart,yes,yes,yes,no,no,FALSE,288
D.jailRate_corrected_discarded_25,TRUE,stacked.alt,preferred,unrestricted,emptopopc_china,instrumented,samestart,yes,yes,yes,no,no,FALSE,289
D.jailRate_corrected_discarded_5,TRUE,stacked.alt,preferred,unrestricted,emptopop_china,instrumented,samestart,yes,yes,yes,no,no,FALSE,290
D.jailRate_corrected_discarded_5,TRUE,stacked.alt,preferred,unrestricted,emptopopc_china,instrumented,samestart,yes,yes,yes,no,no,FALSE,291
D.jailRate_corrected_discarded_50,TRUE,stacked.alt,preferred,unrestricted,emptopop_china,instrumented,samestart,yes,yes,yes,no,no,FALSE,292
D.jailRate_corrected_discarded_50,TRUE,stacked.alt,preferred,unrestricted,emptopopc_china,instrumented,samestart,yes,yes,yes,no,no,FALSE,293
D.jailRate_corrected_discarded_75,TRUE,stacked.alt,preferred,unrestricted,emptopop_china,instrumented,samestart,yes,yes,yes,no,no,FALSE,294
D.jailRate_corrected_discarded_75,TRUE,stacked.alt,preferred,unrestricted,emptopopc_china,instrumented,samestart,yes,yes,yes,no,no,FALSE,295
D.jailRate_corrected_estimated_0,TRUE,stacked.alt,preferred,unrestricted,emptopop_china,instrumented,samestart,yes,yes,yes,no,no,FALSE,296
D.jailRate_corrected_estimated_0,TRUE,stacked.alt,preferred,unrestricted,emptopopc_china,instrumented,samestart,yes,yes,yes,no,no,FALSE,297
D.jailRate_corrected_estimated_100,TRUE,stacked.alt,preferred,unrestricted,emptopop_china,instrumented,samestart,yes,yes,yes,no,no,FALSE,298
D.jailRate_corrected_estimated_100,TRUE,stacked.alt,preferred,unrestricted,emptopopc_china,instrumented,samestart,yes,yes,yes,no,no,FALSE,299
D.jailRate_corrected_estimated_25,TRUE,stacked.alt,preferred,unrestricted,emptopop_china,instrumented,samestart,yes,yes,yes,no,no,FALSE,300
D.jailRate_corrected_estimated_25,TRUE,stacked.alt,preferred,unrestricted,emptopopc_china,instrumented,samestart,yes,yes,yes,no,no,FALSE,301
D.jailRate_corrected_estimated_5,TRUE,stacked.alt,preferred,unrestricted,emptopop_china,instrumented,samestart,yes,yes,yes,no,no,FALSE,302
D.jailRate_corrected_estimated_5,TRUE,stacked.alt,preferred,unrestricted,emptopopc_china,instrumented,samestart,yes,yes,yes,no,no,FALSE,303
D.jailRate_corrected_estimated_50,TRUE,stacked.alt,preferred,unrestricted,emptopop_china,instrumented,samestart,yes,yes,yes,no,no,FALSE,304
D.jailRate_corrected_estimated_50,TRUE,stacked.alt,preferred,unrestricted,emptopopc_china,instrumented,samestart,yes,yes,yes,no,no,FALSE,305
D.jailRate_corrected_estimated_75,TRUE,stacked.alt,preferred,unrestricted,emptopop_china,instrumented,samestart,yes,yes,yes,no,no,FALSE,306
D.jailRate_corrected_estimated_75,TRUE,stacked.alt,preferred,unrestricted,emptopopc_china,instrumented,samestart,yes,yes,yes,no,no,FALSE,307
D.jailRate_latinx_corrected_estimated_25,TRUE,stacked.alt,preferred,unrestricted,emptopop_china,instrumented,samestart,yes,yes,yes,no,no,FALSE,308
D.jailRate_latinx_corrected_estimated_25,TRUE,stacked.alt,preferred,unrestricted,emptopopc_china,instrumented,samestart,yes,yes,yes,no,no,FALSE,309
D.jailRate_latinx_corrected_estimated_75,TRUE,stacked.alt,preferred,unrestricted,emptopop_china,instrumented,samestart,yes,yes,yes,no,no,FALSE,310
D.jailRate_latinx_corrected_estimated_75,TRUE,stacked.alt,preferred,unrestricted,emptopopc_china,instrumented,samestart,yes,yes,yes,no,no,FALSE,311
D.jailRate_latinx_corrected_estimated0_25,TRUE,stacked.alt,preferred,unrestricted,emptopop_china,instrumented,samestart,yes,yes,yes,no,no,FALSE,312
D.jailRate_latinx_corrected_estimated0_25,TRUE,stacked.alt,preferred,unrestricted,emptopopc_china,instrumented,samestart,yes,yes,yes,no,no,FALSE,313
D.jailRate_latinx_corrected_estimated0_75,TRUE,stacked.alt,preferred,unrestricted,emptopop_china,instrumented,samestart,yes,yes,yes,no,no,FALSE,314
D.jailRate_latinx_corrected_estimated0_75,TRUE,stacked.alt,preferred,unrestricted,emptopopc_china,instrumented,samestart,yes,yes,yes,no,no,FALSE,315
D.jailRate_native_corrected_estimated_25,TRUE,stacked.alt,preferred,unrestricted,emptopop_china,instrumented,samestart,yes,yes,yes,no,no,FALSE,316
D.jailRate_native_corrected_estimated_25,TRUE,stacked.alt,preferred,unrestricted,emptopopc_china,instrumented,samestart,yes,yes,yes,no,no,FALSE,317
D.jailRate_native_corrected_estimated_75,TRUE,stacked.alt,preferred,unrestricted,emptopop_china,instrumented,samestart,yes,yes,yes,no,no,FALSE,318
D.jailRate_native_corrected_estimated_75,TRUE,stacked.alt,preferred,unrestricted,emptopopc_china,instrumented,samestart,yes,yes,yes,no,no,FALSE,319
D.jailRate_native_corrected_estimated0_25,TRUE,stacked.alt,preferred,unrestricted,emptopop_china,instrumented,samestart,yes,yes,yes,no,no,FALSE,320
D.jailRate_native_corrected_estimated0_25,TRUE,stacked.alt,preferred,unrestricted,emptopopc_china,instrumented,samestart,yes,yes,yes,no,no,FALSE,321
D.jailRate_native_corrected_estimated0_75,TRUE,stacked.alt,preferred,unrestricted,emptopop_china,instrumented,samestart,yes,yes,yes,no,no,FALSE,322
D.jailRate_native_corrected_estimated0_75,TRUE,stacked.alt,preferred,unrestricted,emptopopc_china,instrumented,samestart,yes,yes,yes,no,no,FALSE,323
D.jailRate_uncorrected_discarded_0,TRUE,stacked.alt,preferred,unrestricted,emptopop_china,instrumented,samestart,yes,yes,yes,no,no,FALSE,324
D.jailRate_uncorrected_discarded_0,TRUE,stacked.alt,preferred,unrestricted,emptopopc_china,instrumented,samestart,yes,yes,yes,no,no,FALSE,325
D.jailRate_uncorrected_discarded_100,TRUE,stacked.alt,preferred,unrestricted,emptopop_china,instrumented,samestart,yes,yes,yes,no,no,FALSE,326
D.jailRate_uncorrected_discarded_100,TRUE,stacked.alt,preferred,unrestricted,emptopopc_china,instrumented,samestart,yes,yes,yes,no,no,FALSE,327
D.jailRate_uncorrected_discarded_25,TRUE,stacked.alt,preferred,unrestricted,emptopop_china,instrumented,samestart,yes,yes,yes,no,no,FALSE,328
D.jailRate_uncorrected_discarded_25,TRUE,stacked.alt,preferred,unrestricted,emptopopc_china,instrumented,samestart,yes,yes,yes,no,no,FALSE,329
D.jailRate_uncorrected_discarded_5,TRUE,stacked.alt,preferred,unrestricted,emptopop_china,instrumented,samestart,yes,yes,yes,no,no,FALSE,330
D.jailRate_uncorrected_discarded_5,TRUE,stacked.alt,preferred,unrestricted,emptopopc_china,instrumented,samestart,yes,yes,yes,no,no,FALSE,331
D.jailRate_uncorrected_discarded_50,TRUE,stacked.alt,preferred,unrestricted,emptopop_china,instrumented,samestart,yes,yes,yes,no,no,FALSE,332
D.jailRate_uncorrected_discarded_50,TRUE,stacked.alt,preferred,unrestricted,emptopopc_china,instrumented,samestart,yes,yes,yes,no,no,FALSE,333
D.jailRate_uncorrected_discarded_75,TRUE,stacked.alt,preferred,unrestricted,emptopop_china,instrumented,samestart,yes,yes,yes,no,no,FALSE,334
D.jailRate_uncorrected_discarded_75,TRUE,stacked.alt,preferred,unrestricted,emptopopc_china,instrumented,samestart,yes,yes,yes,no,no,FALSE,335
D.jailRate_uncorrected_estimated_0,TRUE,stacked.alt,preferred,unrestricted,emptopop_china,instrumented,samestart,yes,yes,yes,no,no,FALSE,336
D.jailRate_uncorrected_estimated_0,TRUE,stacked.alt,preferred,unrestricted,emptopopc_china,instrumented,samestart,yes,yes,yes,no,no,FALSE,337
D.jailRate_uncorrected_estimated_100,TRUE,stacked.alt,preferred,unrestricted,emptopop_china,instrumented,samestart,yes,yes,yes,no,no,FALSE,338
D.jailRate_uncorrected_estimated_100,TRUE,stacked.alt,preferred,unrestricted,emptopopc_china,instrumented,samestart,yes,yes,yes,no,no,FALSE,339
D.jailRate_uncorrected_estimated_25,TRUE,stacked.alt,preferred,unrestricted,emptopop_china,instrumented,samestart,yes,yes,yes,no,no,FALSE,340
D.jailRate_uncorrected_estimated_25,TRUE,stacked.alt,preferred,unrestricted,emptopopc_china,instrumented,samestart,yes,yes,yes,no,no,FALSE,341
D.jailRate_uncorrected_estimated_5,TRUE,stacked.alt,preferred,unrestricted,emptopop_china,instrumented,samestart,yes,yes,yes,no,no,FALSE,342
D.jailRate_uncorrected_estimated_5,TRUE,stacked.alt,preferred,unrestricted,emptopopc_china,instrumented,samestart,yes,yes,yes,no,no,FALSE,343
D.jailRate_uncorrected_estimated_50,TRUE,stacked.alt,preferred,unrestricted,emptopop_china,instrumented,samestart,yes,yes,yes,no,no,FALSE,344
D.jailRate_uncorrected_estimated_50,TRUE,stacked.alt,preferred,unrestricted,emptopopc_china,instrumented,samestart,yes,yes,yes,no,no,FALSE,345
D.jailRate_uncorrected_estimated_75,TRUE,stacked.alt,preferred,unrestricted,emptopop_china,instrumented,samestart,yes,yes,yes,no,no,FALSE,346
D.jailRate_uncorrected_estimated_75,TRUE,stacked.alt,preferred,unrestricted,emptopopc_china,instrumented,samestart,yes,yes,yes,no,no,FALSE,347
D.jailRate_white_corrected_estimated_25,TRUE,stacked.alt,preferred,unrestricted,emptopop_china,instrumented,samestart,yes,yes,yes,no,no,FALSE,348
D.jailRate_white_corrected_estimated_25,TRUE,stacked.alt,preferred,unrestricted,emptopopc_china,instrumented,samestart,yes,yes,yes,no,no,FALSE,349
D.jailRate_white_corrected_estimated_75,TRUE,stacked.alt,preferred,unrestricted,emptopop_china,instrumented,samestart,yes,yes,yes,no,no,FALSE,350
D.jailRate_white_corrected_estimated_75,TRUE,stacked.alt,preferred,unrestricted,emptopopc_china,instrumented,samestart,yes,yes,yes,no,no,FALSE,351
D.jailRate_white_corrected_estimated0_25,TRUE,stacked.alt,preferred,unrestricted,emptopop_china,instrumented,samestart,yes,yes,yes,no,no,FALSE,352
D.jailRate_white_corrected_estimated0_25,TRUE,stacked.alt,preferred,unrestricted,emptopopc_china,instrumented,samestart,yes,yes,yes,no,no,FALSE,353
D.jailRate_white_corrected_estimated0_75,TRUE,stacked.alt,preferred,unrestricted,emptopop_china,instrumented,samestart,yes,yes,yes,no,no,FALSE,354
D.jailRate_white_corrected_estimated0_75,TRUE,stacked.alt,preferred,unrestricted,emptopopc_china,instrumented,samestart,yes,yes,yes,no,no,FALSE,355
D.jailspend,TRUE,stacked.alt,preferred,unrestricted,emptopop_china,instrumented,samestart,yes,yes,yes,no,no,FALSE,356
D.jailspend,TRUE,stacked.alt,preferred,unrestricted,emptopopc_china,instrumented,samestart,yes,yes,yes,no,no,FALSE,357
D.jailspend_d,TRUE,stacked.alt,preferred,unrestricted,emptopop_china,instrumented,samestart,yes,yes,yes,no,no,FALSE,358
D.jailspend_d,TRUE,stacked.alt,preferred,unrestricted,emptopopc_china,instrumented,samestart,yes,yes,yes,no,no,FALSE,359
D.murder_crt,FALSE,stacked.alt,preferred,unrestricted,emptopop_china,instrumented,latestart,yes,yes,yes,no,no,FALSE,360
D.murder_crt,FALSE,stacked.alt,preferred,unrestricted,emptopopc_china,instrumented,latestart,yes,yes,yes,no,no,FALSE,361
D.mvtheft_crt,FALSE,stacked.alt,preferred,unrestricted,emptopop_china,instrumented,latestart,yes,yes,yes,no,no,FALSE,362
D.mvtheft_crt,FALSE,stacked.alt,preferred,unrestricted,emptopopc_china,instrumented,latestart,yes,yes,yes,no,no,FALSE,363
D.officers,TRUE,stacked.alt,preferred,unrestricted,emptopop_china,instrumented,samestart,yes,yes,yes,no,no,FALSE,364
D.officers,TRUE,stacked.alt,preferred,unrestricted,emptopopc_china,instrumented,samestart,yes,yes,yes,no,no,FALSE,365
D.officers_all,TRUE,stacked.alt,preferred,unrestricted,emptopop_china,instrumented,samestart,yes,yes,yes,no,no,FALSE,366
D.officers_all,TRUE,stacked.alt,preferred,unrestricted,emptopopc_china,instrumented,samestart,yes,yes,yes,no,no,FALSE,367
D.pcrt_fs,FALSE,stacked,preferred,unrestricted,emptopop_china,instrumented,samestart,yes,yes,yes,no,no,FALSE,368
D.pcrt_fs,FALSE,stacked,preferred,unrestricted,emptopopc_china,instrumented,samestart,yes,yes,yes,no,no,FALSE,369
D.policespend,TRUE,stacked.alt,preferred,unrestricted,emptopop_china,instrumented,samestart,yes,yes,yes,no,no,FALSE,370
D.policespend,TRUE,stacked.alt,preferred,unrestricted,emptopopc_china,instrumented,samestart,yes,yes,yes,no,no,FALSE,371
D.policespend_d,TRUE,stacked.alt,preferred,unrestricted,emptopop_china,instrumented,samestart,yes,yes,yes,no,no,FALSE,372
D.policespend_d,TRUE,stacked.alt,preferred,unrestricted,emptopopc_china,instrumented,samestart,yes,yes,yes,no,no,FALSE,373
D.property_crt,FALSE,stacked.alt,preferred,unrestricted,emptopop_china,instrumented,latestart,yes,yes,yes,no,no,FALSE,374
D.property_crt,FALSE,stacked.alt,preferred,unrestricted,emptopopc_china,instrumented,latestart,yes,yes,yes,no,no,FALSE,375
D.rape_crt,FALSE,stacked.alt,preferred,unrestricted,emptopop_china,instrumented,latestart,yes,yes,yes,no,no,FALSE,376
D.rape_crt,FALSE,stacked.alt,preferred,unrestricted,emptopopc_china,instrumented,latestart,yes,yes,yes,no,no,FALSE,377
D.rev,TRUE,stacked.alt,preferred,unrestricted,emptopop_china,instrumented,samestart,yes,yes,yes,no,no,FALSE,378
D.rev,TRUE,stacked.alt,preferred,unrestricted,emptopopc_china,instrumented,samestart,yes,yes,yes,no,no,FALSE,379
D.robbery_crt,FALSE,stacked.alt,preferred,unrestricted,emptopop_china,instrumented,latestart,yes,yes,yes,no,no,FALSE,380
D.robbery_crt,FALSE,stacked.alt,preferred,unrestricted,emptopopc_china,instrumented,latestart,yes,yes,yes,no,no,FALSE,381
D.spend,TRUE,stacked.alt,preferred,unrestricted,emptopop_china,instrumented,samestart,yes,yes,yes,no,no,FALSE,382
D.spend,TRUE,stacked.alt,preferred,unrestricted,emptopopc_china,instrumented,samestart,yes,yes,yes,no,no,FALSE,383
D.spend_d,TRUE,stacked.alt,preferred,unrestricted,emptopop_china,instrumented,samestart,yes,yes,yes,no,no,FALSE,384
D.spend_d,TRUE,stacked.alt,preferred,unrestricted,emptopopc_china,instrumented,samestart,yes,yes,yes,no,no,FALSE,385
D.vcrt_fs,FALSE,stacked,preferred,unrestricted,emptopop_china,instrumented,samestart,yes,yes,yes,no,no,FALSE,386
D.vcrt_fs,FALSE,stacked,preferred,unrestricted,emptopopc_china,instrumented,samestart,yes,yes,yes,no,no,FALSE,387
D.violent_crt,FALSE,stacked.alt,preferred,unrestricted,emptopop_china,instrumented,latestart,yes,yes,yes,no,no,FALSE,388
D.violent_crt,FALSE,stacked.alt,preferred,unrestricted,emptopopc_china,instrumented,latestart,yes,yes,yes,no,no,FALSE,389
D.welfspend,TRUE,stacked.alt,preferred,unrestricted,emptopop_china,instrumented,samestart,yes,yes,yes,no,no,FALSE,390
D.welfspend,TRUE,stacked.alt,preferred,unrestricted,emptopopc_china,instrumented,samestart,yes,yes,yes,no,no,FALSE,391
D.welfspend_d,TRUE,stacked.alt,preferred,unrestricted,emptopop_china,instrumented,samestart,yes,yes,yes,no,no,FALSE,392
D.welfspend_d,TRUE,stacked.alt,preferred,unrestricted,emptopopc_china,instrumented,samestart,yes,yes,yes,no,no,FALSE,393
D.agasslt_crt,TRUE,stacked.alt,preferred,unrestricted,emptopop_china,instrumented,latestart,yes,yes,yes,no,no,FALSE,394
D.agasslt_crt,TRUE,stacked.alt,preferred,unrestricted,emptopopc_china,instrumented,latestart,yes,yes,yes,no,no,FALSE,395
D.arson_crt,TRUE,stacked.alt,preferred,unrestricted,emptopop_china,instrumented,latestart,yes,yes,yes,no,no,FALSE,396
D.arson_crt,TRUE,stacked.alt,preferred,unrestricted,emptopopc_china,instrumented,latestart,yes,yes,yes,no,no,FALSE,397
D.burglry_crt,TRUE,stacked.alt,preferred,unrestricted,emptopop_china,instrumented,latestart,yes,yes,yes,no,no,FALSE,398
D.burglry_crt,TRUE,stacked.alt,preferred,unrestricted,emptopopc_china,instrumented,latestart,yes,yes,yes,no,no,FALSE,399
D.murder_crt,TRUE,stacked.alt,preferred,unrestricted,emptopop_china,instrumented,latestart,yes,yes,yes,no,no,FALSE,400
D.murder_crt,TRUE,stacked.alt,preferred,unrestricted,emptopopc_china,instrumented,latestart,yes,yes,yes,no,no,FALSE,401
D.mvtheft_crt,TRUE,stacked.alt,preferred,unrestricted,emptopop_china,instrumented,latestart,yes,yes,yes,no,no,FALSE,402
D.mvtheft_crt,TRUE,stacked.alt,preferred,unrestricted,emptopopc_china,instrumented,latestart,yes,yes,yes,no,no,FALSE,403
D.pcrt_fs,TRUE,stacked,preferred,unrestricted,emptopop_china,instrumented,samestart,yes,yes,yes,no,no,FALSE,404
D.pcrt_fs,TRUE,stacked,preferred,unrestricted,emptopopc_china,instrumented,samestart,yes,yes,yes,no,no,FALSE,405
D.property_crt,TRUE,stacked.alt,preferred,unrestricted,emptopop_china,instrumented,latestart,yes,yes,yes,no,no,FALSE,406
D.property_crt,TRUE,stacked.alt,preferred,unrestricted,emptopopc_china,instrumented,latestart,yes,yes,yes,no,no,FALSE,407
D.rape_crt,TRUE,stacked.alt,preferred,unrestricted,emptopop_china,instrumented,latestart,yes,yes,yes,no,no,FALSE,408
D.rape_crt,TRUE,stacked.alt,preferred,unrestricted,emptopopc_china,instrumented,latestart,yes,yes,yes,no,no,FALSE,409
D.robbery_crt,TRUE,stacked.alt,preferred,unrestricted,emptopop_china,instrumented,latestart,yes,yes,yes,no,no,FALSE,410
D.robbery_crt,TRUE,stacked.alt,preferred,unrestricted,emptopopc_china,instrumented,latestart,yes,yes,yes,no,no,FALSE,411
D.vcrt_fs,TRUE,stacked,preferred,unrestricted,emptopop_china,instrumented,samestart,yes,yes,yes,no,no,FALSE,412
D.vcrt_fs,TRUE,stacked,preferred,unrestricted,emptopopc_china,instrumented,samestart,yes,yes,yes,no,no,FALSE,413
D.violent_crt,TRUE,stacked.alt,preferred,unrestricted,emptopop_china,instrumented,latestart,yes,yes,yes,no,no,FALSE,414
D.violent_crt,TRUE,stacked.alt,preferred,unrestricted,emptopopc_china,instrumented,latestart,yes,yes,yes,no,no,FALSE,415
D.agasslt_crt,TRUE,stacked,preferred,unrestricted,emptopop_china,instrumented,latestart,yes,yes,yes,no,no,FALSE,416
D.agasslt_crt,TRUE,stacked,preferred,unrestricted,emptopopc_china,instrumented,latestart,yes,yes,yes,no,no,FALSE,417
D.arson_crt,TRUE,stacked,preferred,unrestricted,emptopop_china,instrumented,latestart,yes,yes,yes,no,no,FALSE,418
D.arson_crt,TRUE,stacked,preferred,unrestricted,emptopopc_china,instrumented,latestart,yes,yes,yes,no,no,FALSE,419
D.burglry_crt,TRUE,stacked,preferred,unrestricted,emptopop_china,instrumented,latestart,yes,yes,yes,no,no,FALSE,420
D.burglry_crt,TRUE,stacked,preferred,unrestricted,emptopopc_china,instrumented,latestart,yes,yes,yes,no,no,FALSE,421
D.murder_crt,TRUE,stacked,preferred,unrestricted,emptopop_china,instrumented,latestart,yes,yes,yes,no,no,FALSE,422
D.murder_crt,TRUE,stacked,preferred,unrestricted,emptopopc_china,instrumented,latestart,yes,yes,yes,no,no,FALSE,423
D.mvtheft_crt,TRUE,stacked,preferred,unrestricted,emptopop_china,instrumented,latestart,yes,yes,yes,no,no,FALSE,424
D.mvtheft_crt,TRUE,stacked,preferred,unrestricted,emptopopc_china,instrumented,latestart,yes,yes,yes,no,no,FALSE,425
D.property_crt,TRUE,stacked,preferred,unrestricted,emptopop_china,instrumented,latestart,yes,yes,yes,no,no,FALSE,426
D.property_crt,TRUE,stacked,preferred,unrestricted,emptopopc_china,instrumented,latestart,yes,yes,yes,no,no,FALSE,427
D.rape_crt,TRUE,stacked,preferred,unrestricted,emptopop_china,instrumented,latestart,yes,yes,yes,no,no,FALSE,428
D.rape_crt,TRUE,stacked,preferred,unrestricted,emptopopc_china,instrumented,latestart,yes,yes,yes,no,no,FALSE,429
D.robbery_crt,TRUE,stacked,preferred,unrestricted,emptopop_china,instrumented,latestart,yes,yes,yes,no,no,FALSE,430
D.robbery_crt,TRUE,stacked,preferred,unrestricted,emptopopc_china,instrumented,latestart,yes,yes,yes,no,no,FALSE,431
D.violent_crt,TRUE,stacked,preferred,unrestricted,emptopop_china,instrumented,latestart,yes,yes,yes,no,no,FALSE,432
D.violent_crt,TRUE,stacked,preferred,unrestricted,emptopopc_china,instrumented,latestart,yes,yes,yes,no,no,FALSE,433
D.pcrt_fs,FALSE,stacked,preferred,unrestricted,china_alt,instrumented,samestart,yes,yes,yes,no,no,FALSE,434
D.vcrt_fs,FALSE,stacked,preferred,unrestricted,china_alt,instrumented,samestart,yes,yes,yes,no,no,FALSE,435
D.pcrt_fs,TRUE,stacked,preferred,unrestricted,china_alt,instrumented,samestart,yes,yes,yes,no,no,FALSE,436
D.vcrt_fs,TRUE,stacked,preferred,unrestricted,china_alt,instrumented,samestart,yes,yes,yes,no,no,FALSE,437
D.incRate_corrected_estimated_25,TRUE,stacked.alt,preferred,unrestricted,emptopop_china,instrumented,samestart,yes,yes,yes,no,no,FALSE,438
D.incRate_corrected_estimated_25,TRUE,stacked.alt,preferred,unrestricted,emptopopc_china,instrumented,samestart,yes,yes,yes,no,no,FALSE,439
D.healthspend,FALSE,stacked.alt,preferred,unrestricted,emptopop_china,instrumented,samestart,yes,yes,yes,no,no,FALSE,440
D.healthspend,FALSE,stacked.alt,preferred,unrestricted,emptopopc_china,instrumented,samestart,yes,yes,yes,no,no,FALSE,441
D.healthspend_d,FALSE,stacked.alt,preferred,unrestricted,emptopop_china,instrumented,samestart,yes,yes,yes,no,no,FALSE,442
D.healthspend_d,FALSE,stacked.alt,preferred,unrestricted,emptopopc_china,instrumented,samestart,yes,yes,yes,no,no,FALSE,443
D.welfspend,FALSE,stacked.alt,preferred,unrestricted,emptopop_china,instrumented,samestart,yes,yes,yes,no,no,FALSE,444
D.welfspend,FALSE,stacked.alt,preferred,unrestricted,emptopopc_china,instrumented,samestart,yes,yes,yes,no,no,FALSE,445
D.welfspend_d,FALSE,stacked.alt,preferred,unrestricted,emptopop_china,instrumented,samestart,yes,yes,yes,no,no,FALSE,446
D.welfspend_d,FALSE,stacked.alt,preferred,unrestricted,emptopopc_china,instrumented,samestart,yes,yes,yes,no,no,FALSE,447
